{
	"type": "lambert",
	"albedo": [
		0.32963,
		0.257976,
		0.150292
	],
	"emissive": [ 0, 0, 0 ]
}